{
  "BTC": 67686.4,
  "ETH": 1967.95,
  "BNB": 630.1,
  "XRP": 1.3639,
  "DOGE": 0.09015,
  "SOL": 84.97,
  "DOT": 1.506,
  "LTC": 54.01,
  "LINK": 8.74,
  "HBAR": 0.09559,
  "TAO": 180.2,
  "CFX": 0.0477,
  "TRX": 0.28065,
  "TON": 1.23,
  "NEAR": 1.3917,
  "LDO": 0.3023,
  "CRO": 0.07508,
  "ETC": 8.447,
  "XLM": 0.15069,
  "BCH": 440.0,
  "UNI": 3.841,
  "SUI": 0.9024,
  "FIL": 0.9957,
  "STX": 0.2555,
  "CRV": 0.2501,
  "AAVE": 109.91,
  "APT": 0.9643
}