{
  "BTC": 70555.6,
  "ETH": 2073.51,
  "XRP": 1.3894,
  "BNB": 652.9,
  "SOL": 86.67,
  "LTC": 54.42,
  "DOGE": 0.09487,
  "SUI": 0.9869,
  "TRX": 0.29815,
  "TON": 1.3,
  "ETC": 8.22,
  "BCH": 461.0,
  "HBAR": 0.09214,
  "XLM": 0.16355,
  "FIL": 0.8676,
  "LINK": 8.998,
  "CRO": 0.0772,
  "DOT": 1.429,
  "AAVE": 110.55,
  "UNI": 3.929,
  "NEAR": 1.3089,
  "APT": 0.9091,
  "CFX": 0.05507,
  "CRV": 0.2264,
  "STX": 0.2477,
  "LDO": 0.2951,
  "TAO": 233.6
}