{
  "BTC": 71800.1,
  "ETH": 2127.26,
  "XRP": 1.4082,
  "BNB": 661.9,
  "SOL": 89.43,
  "LTC": 55.27,
  "DOGE": 0.09793,
  "SUI": 1.0139,
  "TRX": 0.28945,
  "TON": 1.316,
  "ETC": 8.567,
  "BCH": 463.1,
  "HBAR": 0.0973,
  "XLM": 0.16341,
  "FIL": 0.8884,
  "LINK": 9.261,
  "CRO": 0.07682,
  "DOT": 1.505,
  "AAVE": 113.95,
  "UNI": 4.065,
  "NEAR": 1.3522,
  "APT": 0.962,
  "CFX": 0.05685,
  "CRV": 0.2403,
  "STX": 0.2616,
  "LDO": 0.3056,
  "TAO": 230.4
}