{
  "BTC": 67368.0,
  "ETH": 2013.03,
  "BNB": 621.3,
  "XRP": 1.4403,
  "DOGE": 0.10154,
  "SOL": 85.94,
  "DOT": 1.516,
  "LTC": 57.78,
  "LINK": 9.28,
  "HBAR": 0.1013,
  "TAO": 180.6,
  "CFX": 0.05179,
  "TRX": 0.28467,
  "TON": 1.319,
  "NEAR": 1.1045,
  "LDO": 0.325,
  "CRO": 0.07851,
  "ETC": 9.214,
  "XLM": 0.16169,
  "BCH": 516.9,
  "UNI": 3.935,
  "SUI": 0.9469,
  "FIL": 1.0675,
  "STX": 0.2645,
  "CRV": 0.2517,
  "AAVE": 120.93,
  "APT": 0.9533
}