{
  "BTC": 67349.9,
  "ETH": 2032.78,
  "BNB": 621.3,
  "XRP": 1.4206,
  "DOGE": 0.09855,
  "SOL": 86.52,
  "DOT": 1.516,
  "LTC": 55.76,
  "LINK": 9.118,
  "HBAR": 0.10161,
  "TAO": 182.4,
  "CFX": 0.05059,
  "TRX": 0.28624,
  "TON": 1.296,
  "NEAR": 1.1194,
  "LDO": 0.3168,
  "CRO": 0.07764,
  "ETC": 8.855,
  "XLM": 0.16214,
  "BCH": 488.9,
  "UNI": 3.8,
  "SUI": 0.9422,
  "FIL": 1.0147,
  "STX": 0.2628,
  "CRV": 0.2524,
  "AAVE": 114.07,
  "APT": 0.9719
}