{
  "BTC": 67174.8,
  "ETH": 1942.05,
  "XRP": 1.3446,
  "BNB": 615.7,
  "SOL": 82.0,
  "LTC": 52.64,
  "DOGE": 0.08865,
  "SUI": 0.8836,
  "TRX": 0.28853,
  "TON": 1.311,
  "ETC": 8.017,
  "BCH": 446.8,
  "HBAR": 0.09458,
  "XLM": 0.14879,
  "FIL": 0.9347,
  "LINK": 8.561,
  "CRO": 0.07414,
  "DOT": 1.451,
  "AAVE": 106.36,
  "UNI": 3.691,
  "NEAR": 1.2135,
  "APT": 0.9307,
  "CFX": 0.047,
  "CRV": 0.2329,
  "STX": 0.2538,
  "LDO": 0.2826,
  "TAO": 174.3
}