{
  "BTC": 68833.8,
  "ETH": 2021.67,
  "XRP": 1.3593,
  "BNB": 615.7,
  "SOL": 85.0,
  "LTC": 52.64,
  "DOGE": 0.08865,
  "SUI": 0.9309,
  "TRX": 0.28531,
  "TON": 1.354,
  "ETC": 8.198,
  "BCH": 448.3,
  "HBAR": 0.09454,
  "XLM": 0.1502,
  "FIL": 0.9347,
  "LINK": 8.921,
  "CRO": 0.07533,
  "DOT": 1.499,
  "AAVE": 105.08,
  "UNI": 3.932,
  "NEAR": 1.2536,
  "APT": 0.9663,
  "CFX": 0.04913,
  "CRV": 0.2405,
  "STX": 0.2563,
  "LDO": 0.2871,
  "TAO": 195.5
}