{
  "BTC": 69082.6,
  "ETH": 2046.44,
  "BNB": 646.3,
  "XRP": 1.4,
  "DOGE": 0.09564,
  "SOL": 88.75,
  "DOT": 1.573,
  "LTC": 54.99,
  "LINK": 9.103,
  "HBAR": 0.10139,
  "TAO": 188.3,
  "CFX": 0.05027,
  "TRX": 0.28236,
  "TON": 1.242,
  "NEAR": 1.3057,
  "LDO": 0.3162,
  "CRO": 0.07651,
  "ETC": 8.869,
  "XLM": 0.16024,
  "BCH": 447.1,
  "UNI": 3.981,
  "SUI": 0.9448,
  "FIL": 1.0199,
  "STX": 0.2616,
  "CRV": 0.2587,
  "AAVE": 122.83,
  "APT": 0.9752
}