{
  "BTC": 70291.1,
  "ETH": 2071.5,
  "XRP": 1.3785,
  "BNB": 649.8,
  "SOL": 86.53,
  "LTC": 54.28,
  "DOGE": 0.09406,
  "SUI": 0.9689,
  "TRX": 0.28945,
  "TON": 1.31,
  "ETC": 8.179,
  "BCH": 455.8,
  "HBAR": 0.09411,
  "XLM": 0.15883,
  "FIL": 0.8594,
  "LINK": 9.029,
  "CRO": 0.07551,
  "DOT": 1.501,
  "AAVE": 109.67,
  "UNI": 3.894,
  "NEAR": 1.3213,
  "APT": 0.9106,
  "CFX": 0.05231,
  "CRV": 0.2337,
  "STX": 0.2515,
  "LDO": 0.2962,
  "TAO": 211.7
}