{
  "BTC": 71621.9,
  "ETH": 2086.12,
  "BNB": 652.6,
  "XRP": 1.4162,
  "DOGE": 0.09423,
  "SOL": 89.57,
  "DOT": 1.51,
  "LTC": 55.85,
  "LINK": 9.23,
  "HBAR": 0.09949,
  "TAO": 187.2,
  "CFX": 0.04958,
  "TRX": 0.28313,
  "TON": 1.364,
  "NEAR": 1.2699,
  "LDO": 0.3137,
  "CRO": 0.07699,
  "ETC": 8.679,
  "XLM": 0.15665,
  "BCH": 458.8,
  "UNI": 4.005,
  "SUI": 0.9507,
  "FIL": 1.0132,
  "STX": 0.2646,
  "CRV": 0.2545,
  "AAVE": 116.37,
  "APT": 0.9972
}