{
  "BTC": 63938.6,
  "ETH": 1846.16,
  "BNB": 585.6,
  "XRP": 1.3509,
  "DOGE": 0.09172,
  "SOL": 77.24,
  "DOT": 1.247,
  "LTC": 51.23,
  "LINK": 8.209,
  "HBAR": 0.09517,
  "TAO": 169.0,
  "CFX": 0.04877,
  "TRX": 0.28163,
  "TON": 1.317,
  "NEAR": 0.9715,
  "LDO": 0.2996,
  "CRO": 0.07455,
  "ETC": 8.329,
  "XLM": 0.15027,
  "BCH": 475.2,
  "UNI": 3.358,
  "SUI": 0.866,
  "FIL": 0.8738,
  "STX": 0.2383,
  "CRV": 0.2222,
  "AAVE": 114.92,
  "APT": 0.826
}