{
  "BTC": 67851.1,
  "ETH": 1980.33,
  "XRP": 1.3561,
  "BNB": 624.8,
  "SOL": 83.68,
  "LTC": 53.72,
  "DOGE": 0.08995,
  "SUI": 0.8976,
  "TRX": 0.28477,
  "TON": 1.315,
  "ETC": 8.139,
  "BCH": 449.8,
  "HBAR": 0.09596,
  "XLM": 0.15056,
  "FIL": 0.9571,
  "LINK": 8.748,
  "CRO": 0.07457,
  "DOT": 1.466,
  "AAVE": 109.67,
  "UNI": 3.792,
  "NEAR": 1.2201,
  "APT": 0.9399,
  "CFX": 0.04844,
  "CRV": 0.2356,
  "STX": 0.2579,
  "LDO": 0.2886,
  "TAO": 188.5
}