{
  "BTC": 73352.2,
  "ETH": 2149.65,
  "BNB": 660.8,
  "XRP": 1.4624,
  "DOGE": 0.09899,
  "SOL": 92.86,
  "DOT": 1.554,
  "LTC": 56.9,
  "LINK": 9.498,
  "HBAR": 0.10347,
  "TAO": 193.9,
  "CFX": 0.05238,
  "TRX": 0.28586,
  "TON": 1.303,
  "NEAR": 1.357,
  "LDO": 0.3258,
  "CRO": 0.07845,
  "ETC": 8.859,
  "XLM": 0.16026,
  "BCH": 472.3,
  "UNI": 4.038,
  "SUI": 0.9772,
  "FIL": 1.0325,
  "STX": 0.274,
  "CRV": 0.2671,
  "AAVE": 117.98,
  "APT": 1.0245
}