{
  "BTC": 68452.4,
  "ETH": 1976.53,
  "XRP": 1.3552,
  "BNB": 627.6,
  "SOL": 84.57,
  "LTC": 53.64,
  "DOGE": 0.0902,
  "SUI": 0.8992,
  "TRX": 0.28526,
  "TON": 1.307,
  "ETC": 8.205,
  "BCH": 443.0,
  "HBAR": 0.09674,
  "XLM": 0.15166,
  "FIL": 0.977,
  "LINK": 8.783,
  "CRO": 0.07584,
  "DOT": 1.461,
  "AAVE": 110.8,
  "UNI": 3.828,
  "NEAR": 1.2292,
  "APT": 0.9529,
  "CFX": 0.04873,
  "CRV": 0.243,
  "STX": 0.2576,
  "LDO": 0.2949,
  "TAO": 177.0
}