{
  "BTC": 64800.0,
  "ETH": 1897.67,
  "BNB": 603.5,
  "XRP": 1.323,
  "DOGE": 0.09074,
  "SOL": 80.86,
  "DOT": 1.51,
  "LTC": 52.54,
  "LINK": 8.429,
  "HBAR": 0.09659,
  "TAO": 171.8,
  "CFX": 0.04657,
  "TRX": 0.28014,
  "TON": 1.245,
  "NEAR": 1.066,
  "LDO": 0.2888,
  "CRO": 0.07362,
  "ETC": 8.302,
  "XLM": 0.15153,
  "BCH": 444.1,
  "UNI": 3.654,
  "SUI": 0.857,
  "FIL": 0.9468,
  "STX": 0.251,
  "CRV": 0.2339,
  "AAVE": 107.51,
  "APT": 0.8915
}