{
  "BTC": 70194.2,
  "ETH": 2049.17,
  "XRP": 1.3818,
  "BNB": 645.4,
  "SOL": 85.36,
  "LTC": 54.53,
  "DOGE": 0.09229,
  "SUI": 0.9727,
  "TRX": 0.29032,
  "TON": 1.313,
  "ETC": 8.287,
  "BCH": 455.0,
  "HBAR": 0.09394,
  "XLM": 0.15933,
  "FIL": 0.8806,
  "LINK": 8.989,
  "CRO": 0.07559,
  "DOT": 1.516,
  "AAVE": 111.27,
  "UNI": 3.898,
  "NEAR": 1.2942,
  "APT": 0.94,
  "CFX": 0.05152,
  "CRV": 0.2398,
  "STX": 0.255,
  "LDO": 0.2971,
  "TAO": 198.1
}