{
  "BTC": 71305.5,
  "ETH": 2078.72,
  "XRP": 1.4303,
  "BNB": 648.8,
  "SOL": 88.31,
  "LTC": 54.72,
  "DOGE": 0.09909,
  "SUI": 0.9974,
  "TRX": 0.28412,
  "TON": 1.348,
  "ETC": 8.491,
  "BCH": 450.2,
  "HBAR": 0.09814,
  "XLM": 0.16548,
  "FIL": 0.9387,
  "LINK": 9.13,
  "CRO": 0.07676,
  "DOT": 1.528,
  "AAVE": 114.37,
  "UNI": 3.939,
  "NEAR": 1.3041,
  "APT": 0.9901,
  "CFX": 0.05095,
  "CRV": 0.2517,
  "STX": 0.2657,
  "LDO": 0.2925,
  "TAO": 201.3
}