{
  "BTC": 65631.1,
  "ETH": 1894.89,
  "BNB": 604.4,
  "XRP": 1.3699,
  "DOGE": 0.0949,
  "SOL": 79.36,
  "DOT": 1.279,
  "LTC": 52.11,
  "LINK": 8.416,
  "HBAR": 0.09525,
  "TAO": 169.1,
  "CFX": 0.04921,
  "TRX": 0.28347,
  "TON": 1.361,
  "NEAR": 0.9854,
  "LDO": 0.2977,
  "CRO": 0.07428,
  "ETC": 8.414,
  "XLM": 0.15291,
  "BCH": 535.0,
  "UNI": 3.39,
  "SUI": 0.8857,
  "FIL": 0.8922,
  "STX": 0.2359,
  "CRV": 0.2234,
  "AAVE": 117.03,
  "APT": 0.8213
}