{
  "BTC": 66067.9,
  "ETH": 1947.32,
  "BNB": 613.9,
  "XRP": 1.356,
  "DOGE": 0.09398,
  "SOL": 82.62,
  "DOT": 1.565,
  "LTC": 54.69,
  "LINK": 8.81,
  "HBAR": 0.1004,
  "TAO": 179.9,
  "CFX": 0.04915,
  "TRX": 0.28318,
  "TON": 1.303,
  "NEAR": 1.107,
  "LDO": 0.3043,
  "CRO": 0.07639,
  "ETC": 8.672,
  "XLM": 0.16008,
  "BCH": 465.3,
  "UNI": 3.794,
  "SUI": 0.9132,
  "FIL": 1.0021,
  "STX": 0.2613,
  "CRV": 0.2455,
  "AAVE": 113.98,
  "APT": 0.955
}