{
  "BTC": 66812.8,
  "ETH": 1992.51,
  "BNB": 626.4,
  "XRP": 1.3778,
  "DOGE": 0.09381,
  "SOL": 85.61,
  "DOT": 1.548,
  "LTC": 54.21,
  "LINK": 8.911,
  "HBAR": 0.09946,
  "TAO": 180.4,
  "CFX": 0.0481,
  "TRX": 0.28136,
  "TON": 1.231,
  "NEAR": 1.152,
  "LDO": 0.3033,
  "CRO": 0.07565,
  "ETC": 8.622,
  "XLM": 0.15784,
  "BCH": 446.8,
  "UNI": 3.78,
  "SUI": 0.9103,
  "FIL": 0.9767,
  "STX": 0.2566,
  "CRV": 0.2469,
  "AAVE": 114.99,
  "APT": 0.9386
}