{
  "BTC": 69375.0,
  "ETH": 2117.93,
  "XRP": 1.431,
  "BNB": 637.5,
  "SOL": 87.57,
  "LTC": 54.98,
  "DOGE": 0.09282,
  "SUI": 0.948,
  "TRX": 0.29975,
  "TON": 1.24,
  "ETC": 8.292,
  "BCH": 453.4,
  "HBAR": 0.09212,
  "XLM": 0.16475,
  "FIL": 0.8887,
  "LINK": 8.954,
  "CRO": 0.07484,
  "DOT": 1.521,
  "AAVE": 111.64,
  "UNI": 3.527,
  "NEAR": 1.335,
  "APT": 0.9379,
  "CFX": 0.06193,
  "CRV": 0.2337,
  "STX": 0.2434,
  "LDO": 0.2945,
  "TAO": 245.9
}