{
  "BTC": 73878.0,
  "ETH": 2315.12,
  "XRP": 1.5129,
  "BNB": 668.1,
  "SOL": 93.76,
  "LTC": 58.03,
  "DOGE": 0.09961,
  "SUI": 1.0209,
  "TRX": 0.30428,
  "TON": 1.351,
  "ETC": 8.842,
  "BCH": 472.3,
  "HBAR": 0.09912,
  "XLM": 0.17356,
  "FIL": 0.9639,
  "LINK": 9.796,
  "CRO": 0.07944,
  "DOT": 1.591,
  "AAVE": 121.37,
  "UNI": 3.967,
  "NEAR": 1.4587,
  "APT": 0.9905,
  "CFX": 0.06391,
  "CRV": 0.2517,
  "STX": 0.2626,
  "LDO": 0.32,
  "TAO": 274.3
}