{
  "BTC": 68810.0,
  "ETH": 2082.01,
  "XRP": 1.4371,
  "BNB": 629.4,
  "SOL": 87.51,
  "LTC": 55.71,
  "DOGE": 0.09157,
  "SUI": 0.9252,
  "TRX": 0.31457,
  "TON": 1.256,
  "ETC": 8.123,
  "BCH": 468.4,
  "HBAR": 0.08957,
  "XLM": 0.159,
  "FIL": 0.8747,
  "LINK": 8.789,
  "CRO": 0.07429,
  "DOT": 1.433,
  "AAVE": 107.3,
  "UNI": 3.48,
  "NEAR": 1.2857,
  "APT": 0.9296,
  "CFX": 0.0616,
  "CRV": 0.2187,
  "STX": 0.2348,
  "LDO": 0.2861,
  "TAO": 272.0
}