{
  "BTC": 70799.0,
  "ETH": 2161.7,
  "XRP": 1.4065,
  "BNB": 645.3,
  "SOL": 91.72,
  "LTC": 55.99,
  "DOGE": 0.09594,
  "SUI": 0.9552,
  "TRX": 0.3112,
  "TON": 1.33,
  "ETC": 8.664,
  "BCH": 476.0,
  "HBAR": 0.09439,
  "XLM": 0.17513,
  "FIL": 0.9296,
  "LINK": 9.364,
  "CRO": 0.07498,
  "DOT": 1.364,
  "AAVE": 114.74,
  "UNI": 3.699,
  "NEAR": 1.2806,
  "APT": 1.0674,
  "CFX": 0.06215,
  "CRV": 0.2324,
  "STX": 0.2427,
  "LDO": 0.2993,
  "TAO": 362.2
}