{
  "BTC": 71436.4,
  "ETH": 2186.43,
  "XRP": 1.4399,
  "BNB": 648.1,
  "SOL": 89.3,
  "LTC": 55.47,
  "DOGE": 0.0943,
  "SUI": 0.9772,
  "TRX": 0.30195,
  "TON": 1.306,
  "ETC": 8.357,
  "BCH": 448.0,
  "HBAR": 0.0952,
  "XLM": 0.16649,
  "FIL": 0.9151,
  "LINK": 9.197,
  "CRO": 0.07604,
  "DOT": 1.559,
  "AAVE": 113.56,
  "UNI": 3.668,
  "NEAR": 1.3846,
  "APT": 0.9502,
  "CFX": 0.06087,
  "CRV": 0.2399,
  "STX": 0.251,
  "LDO": 0.3006,
  "TAO": 268.2
}