{
  "BTC": 71450.0,
  "ETH": 2092.96,
  "XRP": 1.4152,
  "BNB": 659.1,
  "SOL": 87.85,
  "LTC": 55.05,
  "DOGE": 0.09493,
  "SUI": 0.9999,
  "TRX": 0.29857,
  "TON": 1.296,
  "ETC": 8.278,
  "BCH": 462.2,
  "HBAR": 0.09522,
  "XLM": 0.16703,
  "FIL": 0.8849,
  "LINK": 9.15,
  "CRO": 0.07761,
  "DOT": 1.415,
  "AAVE": 112.76,
  "UNI": 3.953,
  "NEAR": 1.3363,
  "APT": 0.9188,
  "CFX": 0.0602,
  "CRV": 0.2358,
  "STX": 0.2532,
  "LDO": 0.3007,
  "TAO": 275.6
}