{
  "BTC": 69832.0,
  "ETH": 2134.28,
  "XRP": 1.4001,
  "BNB": 630.6,
  "SOL": 89.67,
  "LTC": 55.64,
  "DOGE": 0.09332,
  "SUI": 0.9405,
  "TRX": 0.31009,
  "TON": 1.337,
  "ETC": 8.49,
  "BCH": 473.9,
  "HBAR": 0.09266,
  "XLM": 0.16638,
  "FIL": 0.9126,
  "LINK": 9.113,
  "CRO": 0.0753,
  "DOT": 1.381,
  "AAVE": 109.35,
  "UNI": 3.568,
  "NEAR": 1.2823,
  "APT": 1.0327,
  "CFX": 0.06151,
  "CRV": 0.2244,
  "STX": 0.2403,
  "LDO": 0.2904,
  "TAO": 309.5
}