{
  "BTC": 69840.0,
  "ETH": 2133.0,
  "XRP": 1.4369,
  "BNB": 640.2,
  "SOL": 88.91,
  "LTC": 55.55,
  "DOGE": 0.09416,
  "SUI": 0.9603,
  "TRX": 0.30791,
  "TON": 1.228,
  "ETC": 8.396,
  "BCH": 468.8,
  "HBAR": 0.09285,
  "XLM": 0.1661,
  "FIL": 0.9034,
  "LINK": 9.02,
  "CRO": 0.07493,
  "DOT": 1.525,
  "AAVE": 110.08,
  "UNI": 3.558,
  "NEAR": 1.3317,
  "APT": 1.0052,
  "CFX": 0.06344,
  "CRV": 0.2347,
  "STX": 0.2458,
  "LDO": 0.2973,
  "TAO": 277.8
}