{
  "BTC": 70588.3,
  "ETH": 2154.17,
  "XRP": 1.4371,
  "BNB": 642.7,
  "SOL": 89.77,
  "LTC": 55.71,
  "DOGE": 0.0946,
  "SUI": 0.9659,
  "TRX": 0.309,
  "TON": 1.264,
  "ETC": 8.443,
  "BCH": 465.7,
  "HBAR": 0.09335,
  "XLM": 0.16609,
  "FIL": 0.9704,
  "LINK": 9.099,
  "CRO": 0.07503,
  "DOT": 1.506,
  "AAVE": 112.49,
  "UNI": 3.594,
  "NEAR": 1.3292,
  "APT": 1.0094,
  "CFX": 0.06459,
  "CRV": 0.2358,
  "STX": 0.2472,
  "LDO": 0.2996,
  "TAO": 276.8
}