{
  "BTC": 70098.9,
  "ETH": 2127.7,
  "XRP": 1.4308,
  "BNB": 637.2,
  "SOL": 89.91,
  "LTC": 55.06,
  "DOGE": 0.09376,
  "SUI": 0.9516,
  "TRX": 0.3054,
  "TON": 1.293,
  "ETC": 8.395,
  "BCH": 477.7,
  "HBAR": 0.09294,
  "XLM": 0.1649,
  "FIL": 0.8956,
  "LINK": 9.041,
  "CRO": 0.07581,
  "DOT": 1.431,
  "AAVE": 109.45,
  "UNI": 3.526,
  "NEAR": 1.2921,
  "APT": 0.975,
  "CFX": 0.06031,
  "CRV": 0.2176,
  "STX": 0.2413,
  "LDO": 0.2877,
  "TAO": 279.5
}